{
  "version": 1,
  "author": "Anonymous maker",
  "editor": "wokwi",
  "parts": [
    { "type": "wokwi-breadboard", "id": "bb1", "top": -22.2, "left": -54.8, "attrs": {} },
    { "type": "wokwi-arduino-uno", "id": "uno", "top": 202.2, "left": 172.2, "attrs": {} },
    {
      "type": "wokwi-pushbutton-6mm",
      "id": "btn1",
      "top": 68.2,
      "left": 436,
      "rotate": 90,
      "attrs": { "color": "green" }
    },
    {
      "type": "wokwi-pushbutton-6mm",
      "id": "btn2",
      "top": 68.2,
      "left": 397.6,
      "rotate": 90,
      "attrs": { "color": "green" }
    },
    {
      "type": "wokwi-pushbutton-6mm",
      "id": "btn3",
      "top": 68.2,
      "left": 359.2,
      "rotate": 90,
      "attrs": { "color": "green" }
    },
    {
      "type": "wokwi-pushbutton-6mm",
      "id": "btn4",
      "top": 68.2,
      "left": 282.4,
      "rotate": 90,
      "attrs": { "color": "green" }
    },
    {
      "type": "wokwi-buzzer",
      "id": "bz1",
      "top": -45.6,
      "left": 318.6,
      "attrs": { "volume": "0.1" }
    },
    { "type": "wokwi-led", "id": "led1", "top": -3.6, "left": 253.4, "attrs": { "color": "red" } },
    { "type": "wokwi-led", "id": "led2", "top": -3.6, "left": 234.2, "attrs": { "color": "red" } },
    { "type": "wokwi-led", "id": "led3", "top": -3.6, "left": 215, "attrs": { "color": "red" } },
    { "type": "wokwi-led", "id": "led4", "top": -3.6, "left": 195.8, "attrs": { "color": "red" } },
    {
      "type": "wokwi-resistor",
      "id": "r1",
      "top": 91.2,
      "left": 249.05,
      "rotate": 90,
      "attrs": { "value": "220" }
    },
    {
      "type": "wokwi-resistor",
      "id": "r2",
      "top": 91.2,
      "left": 229.85,
      "rotate": 90,
      "attrs": { "value": "220" }
    },
    {
      "type": "wokwi-resistor",
      "id": "r3",
      "top": 91.2,
      "left": 210.65,
      "rotate": 90,
      "attrs": { "value": "220" }
    },
    {
      "type": "wokwi-resistor",
      "id": "r4",
      "top": 91.2,
      "left": 191.45,
      "rotate": 90,
      "attrs": { "value": "220" }
    },
    {
      "type": "wokwi-pushbutton-6mm",
      "id": "btn5",
      "top": 68.2,
      "left": 474.4,
      "rotate": 90,
      "attrs": { "color": "green" }
    },
    {
      "type": "wokwi-pushbutton-6mm",
      "id": "btn6",
      "top": 68.2,
      "left": 512.8,
      "rotate": 90,
      "attrs": { "color": "green" }
    },
    { "type": "wokwi-led", "id": "led5", "top": -3.6, "left": 157.4, "attrs": { "color": "red" } },
    { "type": "wokwi-led", "id": "led6", "top": -3.6, "left": 138.2, "attrs": { "color": "red" } },
    {
      "type": "wokwi-resistor",
      "id": "r5",
      "top": 91.2,
      "left": 133.85,
      "rotate": 90,
      "attrs": { "value": "220" }
    },
    {
      "type": "wokwi-resistor",
      "id": "r6",
      "top": 91.2,
      "left": 153.05,
      "rotate": 90,
      "attrs": { "value": "220" }
    }
  ],
  "connections": [
    [ "uno:2", "bb1:50b.j", "green", [ "v-67.2", "h52.1" ] ],
    [ "uno:3", "bb1:46b.j", "green", [ "v-76.8", "h-53.6" ] ],
    [ "uno:4", "bb1:44b.j", "green", [ "v0" ] ],
    [ "uno:5", "bb1:41t.e", "green", [ "v0" ] ],
    [ "uno:9", "bb1:36b.j", "green", [ "v0" ] ],
    [ "bb1:bp.19", "bb1:26t.e", "green", [ "v0" ] ],
    [ "bb1:bp.21", "bb1:28t.e", "green", [ "v-96.9", "h8.8" ] ],
    [ "bb1:bp.23", "bb1:30t.e", "green", [ "v0" ] ],
    [ "bb1:bp.25", "bb1:32t.e", "green", [ "v0" ] ],
    [ "uno:6", "bb1:33b.j", "green", [ "v0" ] ],
    [ "uno:7", "bb1:31b.j", "green", [ "v0" ] ],
    [ "uno:8", "bb1:29b.j", "green", [ "v0" ] ],
    [ "uno:10", "bb1:27b.j", "green", [ "v0" ] ],
    [ "bb1:bp.26", "bb1:34b.i", "green", [ "v0" ] ],
    [ "bb1:40t.e", "bb1:bp.33", "green", [ "v0" ] ],
    [ "bb1:42b.j", "bb1:bp.34", "green", [ "v0" ] ],
    [ "bb1:48b.j", "bb1:bp.39", "green", [ "v0" ] ],
    [ "bb1:52b.j", "bb1:bp.42", "green", [ "v0" ] ],
    [ "uno:GND.1", "bb1:bp.27", "black", [ "v0" ] ],
    [ "bb1:bp.49", "btn6:1.r", "green", [ "v0" ] ],
    [ "bb1:bp.45", "btn5:1.r", "green", [ "v0" ] ],
    [ "btn1:1.l", "bb1:52t.e", "", [ "$bb" ] ],
    [ "btn1:2.l", "bb1:50t.e", "", [ "$bb" ] ],
    [ "btn1:1.r", "bb1:52b.f", "", [ "$bb" ] ],
    [ "btn1:2.r", "bb1:50b.f", "", [ "$bb" ] ],
    [ "btn2:1.l", "bb1:48t.e", "", [ "$bb" ] ],
    [ "btn2:2.l", "bb1:46t.e", "", [ "$bb" ] ],
    [ "btn2:1.r", "bb1:48b.f", "", [ "$bb" ] ],
    [ "btn2:2.r", "bb1:46b.f", "", [ "$bb" ] ],
    [ "btn3:1.l", "bb1:44t.e", "", [ "$bb" ] ],
    [ "btn3:2.l", "bb1:42t.e", "", [ "$bb" ] ],
    [ "btn3:1.r", "bb1:44b.f", "", [ "$bb" ] ],
    [ "btn3:2.r", "bb1:42b.f", "", [ "$bb" ] ],
    [ "bz1:1", "bb1:40t.b", "", [ "$bb" ] ],
    [ "bz1:2", "bb1:41t.b", "", [ "$bb" ] ],
    [ "led1:A", "bb1:33t.b", "", [ "$bb" ] ],
    [ "led1:C", "bb1:32t.b", "", [ "$bb" ] ],
    [ "led2:A", "bb1:31t.b", "", [ "$bb" ] ],
    [ "led2:C", "bb1:30t.b", "", [ "$bb" ] ],
    [ "led3:A", "bb1:29t.b", "", [ "$bb" ] ],
    [ "led3:C", "bb1:28t.b", "", [ "$bb" ] ],
    [ "led4:A", "bb1:27t.b", "", [ "$bb" ] ],
    [ "led4:C", "bb1:26t.b", "", [ "$bb" ] ],
    [ "r1:1", "bb1:33t.e", "", [ "$bb" ] ],
    [ "r1:2", "bb1:33b.i", "", [ "$bb" ] ],
    [ "r2:1", "bb1:31t.e", "", [ "$bb" ] ],
    [ "r2:2", "bb1:31b.i", "", [ "$bb" ] ],
    [ "r3:1", "bb1:29t.e", "", [ "$bb" ] ],
    [ "r3:2", "bb1:29b.i", "", [ "$bb" ] ],
    [ "btn5:1.l", "bb1:56t.e", "", [ "$bb" ] ],
    [ "btn5:2.l", "bb1:54t.e", "", [ "$bb" ] ],
    [ "btn5:1.r", "bb1:56b.f", "", [ "$bb" ] ],
    [ "btn5:2.r", "bb1:54b.f", "", [ "$bb" ] ],
    [ "btn6:1.l", "bb1:60t.e", "", [ "$bb" ] ],
    [ "btn6:2.l", "bb1:58t.e", "", [ "$bb" ] ],
    [ "btn6:1.r", "bb1:60b.f", "", [ "$bb" ] ],
    [ "btn6:2.r", "bb1:58b.f", "", [ "$bb" ] ],
    [ "led6:A", "bb1:21t.b", "", [ "$bb" ] ],
    [ "led6:C", "bb1:20t.b", "", [ "$bb" ] ],
    [ "led5:A", "bb1:23t.b", "", [ "$bb" ] ],
    [ "led5:C", "bb1:22t.b", "", [ "$bb" ] ],
    [ "r4:1", "bb1:27t.e", "", [ "$bb" ] ],
    [ "r4:2", "bb1:27b.i", "", [ "$bb" ] ],
    [ "btn4:1.l", "bb1:36t.e", "", [ "$bb" ] ],
    [ "btn4:2.l", "bb1:34t.e", "", [ "$bb" ] ],
    [ "btn4:1.r", "bb1:36b.f", "", [ "$bb" ] ],
    [ "btn4:2.r", "bb1:34b.f", "", [ "$bb" ] ],
    [ "btn5:2.r", "uno:1", "green", [ "v0" ] ],
    [ "btn6:2.r", "uno:0", "green", [ "v0" ] ],
    [ "r6:1", "bb1:23t.e", "", [ "$bb" ] ],
    [ "r6:2", "bb1:23b.i", "", [ "$bb" ] ],
    [ "r5:1", "bb1:21t.e", "", [ "$bb" ] ],
    [ "r5:2", "bb1:21b.i", "", [ "$bb" ] ],
    [ "bb1:20t.e", "bb1:bp.15", "green", [ "v0" ] ],
    [ "bb1:22t.e", "bb1:bp.16", "green", [ "v0" ] ],
    [ "bb1:21b.j", "uno:12", "green", [ "v0" ] ],
    [ "bb1:23b.j", "uno:11", "green", [ "v0" ] ]
  ],
  "dependencies": {}
}